Fund Name,P1,P2,P3,P4,P5,Topsis Score,Rank
M1,0.76,0.58,3.1,39.8,11.06,0.7057113755044256,2
M2,0.77,0.59,6.0,31.0,9.59,0.31477837807952336,8
M3,0.61,0.37,4.6,43.9,12.37,0.44225195630768693,5
M4,0.84,0.71,5.7,36.2,10.86,0.3860660875087408,6
M5,0.89,0.79,6.5,56.8,16.25,0.3663691421456065,7
M6,0.8,0.64,3.6,60.7,16.44,0.6832614083576749,4
M7,0.78,0.61,3.4,42.9,11.92,0.7045265230138871,3
M8,0.92,0.85,3.0,50.9,13.92,0.8180896260967926,1
